foto,shift,e2_status,e2_total_dtk,e2_geometri_dtk,e2_ollama_dtk,e2_panggilan_ollama,e2_benar,e2_berisi_benar
IMG_20260901_134505,1,success,90.7,1.89,88.0,12,31/47,31/47
IMG_20260901_134505,2,success,10.7,1.94,7.9,1,48/48,2/2
IMG_20260901_134510,1,success,86.3,1.68,83.9,11,45/47,45/47
IMG_20260901_134510,2,success,10.5,1.54,8.3,1,48/48,2/2
IMG_20260901_134514,1,success,76.1,1.78,73.6,10,39/47,39/47
IMG_20260901_134514,2,success,10.5,1.79,8.0,1,48/48,2/2
IMG_20260901_134520,1,success,79.2,2.06,76.4,11,44/47,44/47
IMG_20260901_134520,2,success,11.3,2.24,8.2,1,48/48,2/2
IMG_20260901_134523,1,success,76.3,2.6,72.7,10,45/47,45/47
IMG_20260901_134523,2,success,10.6,1.99,7.8,1,48/48,2/2
IMG_20260902_141208,1,success,43.5,1.63,41.1,7,48/48,8/8
IMG_20260902_141208,2,success,2.4,1.62,0,0,48/48,0/0
IMG_20260902_141212,1,success,42.6,1.47,40.5,6,48/48,8/8
IMG_20260902_141212,2,success,2.3,1.58,0,0,48/48,0/0
IMG_20260902_141217,1,success,42.9,1.49,40.6,6,48/48,8/8
IMG_20260902_141217,2,success,2.5,1.72,0,0,48/48,0/0
IMG_20260902_141223,1,success,44.0,1.44,41.9,7,48/48,8/8
IMG_20260902_141223,2,success,2.4,1.69,0,0,48/48,0/0
IMG_20260902_141238,1,needs_manual_review,73.4,1.43,71.3,13,41/48,1/8
IMG_20260902_141238,2,needs_manual_review,2.4,1.67,0,0,48/48,0/0
IMG_20260902_141316,1,success,42.3,1.21,40.4,6,48/48,8/8
IMG_20260902_141316,2,success,2.3,1.59,0,0,48/48,0/0
IMG_20260921_004756,1,success,42.5,1.58,40.2,6,48/48,8/8
IMG_20260921_004756,2,success,2.4,1.73,0,0,48/48,0/0
