foto,shift,blok,kunci,e1,e2
IMG_20260901_134505,1,0,4i | 7b | 1a | 1b | 1c | 1d,4i | 0x | 1a | 1b | 1c | 1a,41 | 7b | 1a | 1b | 1L | 12
IMG_20260901_134505,1,1,0 | 0 | 0 | SKIP | 0 | 0,0 | ? | 0 | 0x | 0 | 0,0 | 0 | 0 | x | 0 | 0
IMG_20260901_134505,1,2,2a | 2b | 2c | 2d | 2e | 2F,20 | x | 2c | 1l | 2e | 2F,2A | 2B | 2C | 2D | 2E | 2F
IMG_20260901_134505,1,3,3a | 3b | 3c | 3d | 3e | 0,3a | 3b | 3L | 3d | 3e | 0,3a | 3b | 3c | 3d | 3e | 0
IMG_20260901_134505,1,4,0 | 0 | 0 | 0 | 0 | 0,0 | 0 | 0 | ? | 0 | ?,0 | 0 | 0 | 0 | 0 | 0
IMG_20260901_134505,1,5,0 | 0 | 0 | 0 | 0 | 0,0x | 0 | 0 | ? | 0x | 0,x | x | x | x | x | x
IMG_20260901_134505,1,6,0 | 0 | 0 | 0 | 0 | 0,0x | 0 | 0 | 0 | ? | 0x,0 | 0 | 0 | 0 | 0 | 0
IMG_20260901_134505,1,7,0 | 0 | 0 | 0 | 0 | 1a,0a | 0 | 0 | 0 | ? | 1q,00 | 00 | 00 | 00 | 00 | 1a
IMG_20260901_134505,2,0,1a | 7b | . | . | . | .,1a | 1b | . | . | . | .,1a | 7b | . | . | . | .
IMG_20260901_134505,2,1,. | . | . | . | . | .,. | . | . | . | . | .,. | . | . | . | . | .
IMG_20260901_134505,2,2,. | . | . | . | . | .,. | . | . | . | . | .,. | . | . | . | . | .
IMG_20260901_134505,2,3,. | . | . | . | . | .,. | . | . | . | . | .,. | . | . | . | . | .
IMG_20260901_134505,2,4,. | . | . | . | . | .,. | . | . | . | . | .,. | . | . | . | . | .
IMG_20260901_134505,2,5,. | . | . | . | . | .,. | . | . | . | . | .,. | . | . | . | . | .
IMG_20260901_134505,2,6,. | . | . | . | . | .,. | . | . | . | . | .,. | . | . | . | . | .
IMG_20260901_134505,2,7,. | . | . | . | . | .,. | . | . | . | . | .,. | . | . | . | . | .
IMG_20260901_134510,1,0,4i | 7b | 1a | 1b | 1c | 1d,4i | 0x | 1a | 1b | x | ?,41 | 7b | 1a | 1b | 1c | 1d
IMG_20260901_134510,1,1,0 | 0 | 0 | SKIP | 0 | 0,0 | 0 | 0 | ? | 0 | 0,0 | 0 | 0 | x | 0 | 0
IMG_20260901_134510,1,2,2a | 2b | 2c | 2d | 2e | 2F,10 | x | 2c | 1a | 2e | 2F,2U | 2b | 2c | 2d | 2e | 2F
IMG_20260901_134510,1,3,3a | 3b | 3c | 3d | 3e | 0,3a | 3b | ?l | 3d | 3e | 0,3a | 3b | 3c | 3d | 3e | 0
IMG_20260901_134510,1,4,0 | 0 | 0 | 0 | 0 | 0,0 | 0 | 0x | ? | 0 | 0x,0 | 0 | 0 | 0 | 0 | 0
IMG_20260901_134510,1,5,0 | 0 | 0 | 0 | 0 | 0,? | 0x | 0 | ? | ? | 0,0 | 0 | 0 | 0 | 0 | 0
IMG_20260901_134510,1,6,0 | 0 | 0 | 0 | 0 | 0,0 | 0 | 0 | 0x | 0 | ?,0 | 0 | 0 | 0 | 0 | 0
IMG_20260901_134510,1,7,0 | 0 | 0 | 0 | 0 | 1a,? | 0 | 0x | 0 | ? | 1q,0 | 0 | 0 | 0 | 0 | 1a
IMG_20260901_134510,2,0,1a | 7b | . | . | . | .,1a | 1b | . | . | . | .,1a | 7b | . | . | . | .
IMG_20260901_134510,2,1,. | . | . | . | . | .,. | . | . | . | . | .,. | . | . | . | . | .
IMG_20260901_134510,2,2,. | . | . | . | . | .,. | . | . | . | . | .,. | . | . | . | . | .
IMG_20260901_134510,2,3,. | . | . | . | . | .,. | . | . | . | . | .,. | . | . | . | . | .
IMG_20260901_134510,2,4,. | . | . | . | . | .,. | . | . | . | . | .,. | . | . | . | . | .
IMG_20260901_134510,2,5,. | . | . | . | . | .,. | . | . | . | . | .,. | . | . | . | . | .
IMG_20260901_134510,2,6,. | . | . | . | . | .,. | . | . | . | . | .,. | . | . | . | . | .
IMG_20260901_134510,2,7,. | . | . | . | . | .,. | . | . | . | . | .,. | . | . | . | . | .
IMG_20260901_134514,1,0,4i | 7b | 1a | 1b | 1c | 1d,x | 0t | 1a | 1b | 0x | 1x,41 | 7b | 1a | 1b | 1c | 1d
IMG_20260901_134514,1,1,0 | 0 | 0 | SKIP | 0 | 0,0 | 0 | 0x | 0x | 0 | 01,0 | 0 | 0 | x | 0 | 0
IMG_20260901_134514,1,2,2a | 2b | 2c | 2d | 2e | 2F,20 | x | 0x | 2a | 2e | 2F,2U | 2b | 2c | 2d | 2e | 2F
IMG_20260901_134514,1,3,3a | 3b | 3c | 3d | 3e | 0,3a | 3b1 | 3L | ?l | 3e | 0,3a | 3b | 3c | 3d | 3e | 0
IMG_20260901_134514,1,4,0 | 0 | 0 | 0 | 0 | 0,0 | 0 | ? | ? | 0 | ?,0 | 0 | 0 | 0 | 0 | 0
IMG_20260901_134514,1,5,0 | 0 | 0 | 0 | 0 | 0,0x | 0x | 0 | 0 | 0Q | 0x,0 | 0 | 0 | 0 | 0 | 0
IMG_20260901_134514,1,6,0 | 0 | 0 | 0 | 0 | 0,0x | 0 | 0 | ? | 0 | 0x,0 | 0 | 0 | 0 | 0 | 0
IMG_20260901_134514,1,7,0 | 0 | 0 | 0 | 0 | 1a,? | 0 | 0 | 0 | 0 | 1a,0 | 0 | 0 | 0 | 0 | 1a
IMG_20260901_134514,2,0,1a | 7b | . | . | . | .,1a | 1b | . | . | . | .,1a | 7b | . | . | . | .
IMG_20260901_134514,2,1,. | . | . | . | . | .,. | . | . | . | . | .,. | . | . | . | . | .
IMG_20260901_134514,2,2,. | . | . | . | . | .,. | . | . | . | . | .,. | . | . | . | . | .
IMG_20260901_134514,2,3,. | . | . | . | . | .,. | . | . | . | . | .,. | . | . | . | . | .
IMG_20260901_134514,2,4,. | . | . | . | . | .,. | . | . | . | . | .,. | . | . | . | . | .
IMG_20260901_134514,2,5,. | . | . | . | . | .,. | . | . | . | . | .,. | . | . | . | . | .
IMG_20260901_134514,2,6,. | . | . | . | . | .,. | . | . | . | . | .,. | . | . | . | . | .
IMG_20260901_134514,2,7,. | . | . | . | . | .,. | . | . | . | . | .,. | . | . | . | . | .
IMG_20260901_134520,1,0,4i | 7b | 1a | 1b | 1c | 1d,x | 0t | 1a | 1b | 1c | x,41 | 7b | 1a | 1b | 1c | 1d
IMG_20260901_134520,1,1,0 | 0 | 0 | SKIP | 0 | 0,0 | ? | 0 | 0x | 0 | 0,0 | 0 | 0 | x | 0 | 0
IMG_20260901_134520,1,2,2a | 2b | 2c | 2d | 2e | 2F,20 | x | ? | 1n | 2e | 2F,20 | 2b | 2c | 2d | 2e | 2f
IMG_20260901_134520,1,3,3a | 3b | 3c | 3d | 3e | 0,3a | 3b | 3L | 3d | 3e | 0,3a | 3b | 3c | 3d | 3e | 0
IMG_20260901_134520,1,4,0 | 0 | 0 | 0 | 0 | 0,? | 0 | 0 | 0x | 0 | ?,x | x | x | x | x | x
IMG_20260901_134520,1,5,0 | 0 | 0 | 0 | 0 | 0,0x | ? | 0 | 0 | 0x | ?,x | x | x | x | x | x
IMG_20260901_134520,1,6,0 | 0 | 0 | 0 | 0 | 0,0 | 0 | 0x | 0 | ? | x,0 | 0 | 0 | 0 | 0 | 0
IMG_20260901_134520,1,7,0 | 0 | 0 | 0 | 0 | 1a,? | 0 | 0 | 0 | 0 | 1a,0 | 0 | 0 | 0 | 0 | 1a
IMG_20260901_134520,2,0,1a | 7b | . | . | . | .,1a | 1b | . | . | . | .,1a | 7b | . | . | . | .
IMG_20260901_134520,2,1,. | . | . | . | . | .,. | . | . | . | . | .,. | . | . | . | . | .
IMG_20260901_134520,2,2,. | . | . | . | . | .,. | . | . | . | . | .,. | . | . | . | . | .
IMG_20260901_134520,2,3,. | . | . | . | . | .,. | . | . | . | . | .,. | . | . | . | . | .
IMG_20260901_134520,2,4,. | . | . | . | . | .,. | . | . | . | . | .,. | . | . | . | . | .
IMG_20260901_134520,2,5,. | . | . | . | . | .,. | . | . | . | . | .,. | . | . | . | . | .
IMG_20260901_134520,2,6,. | . | . | . | . | .,. | . | . | . | . | .,. | . | . | . | . | .
IMG_20260901_134520,2,7,. | . | . | . | . | .,. | . | . | . | . | .,. | . | . | . | . | .
IMG_20260901_134523,1,0,4i | 7b | 1a | 1b | 1c | 1d,41 | 0t | 1a | 1b | ? | x,41 | 7b | 1a | 1b | 1c | 1d
IMG_20260901_134523,1,1,0 | 0 | 0 | SKIP | 0 | 0,0 | 0 | ? | ? | 0 | 0,0 | 0 | 0 | 0 | 0 | 0
IMG_20260901_134523,1,2,2a | 2b | 2c | 2d | 2e | 2F,20 | x | x | 1n | 2e | 2F,2a | 2b | 2c | 2d | 2e | 2f
IMG_20260901_134523,1,3,3a | 3b | 3c | 3d | 3e | 0,3a | 3b | ?l | ? | 3e | 0,3a | 3b | 3c | 3d | 3e | 0
IMG_20260901_134523,1,4,0 | 0 | 0 | 0 | 0 | 0,0x | 0 | ? | ? | 0 | ?,0 | 0 | 0 | 0 | 0 | 0
IMG_20260901_134523,1,5,0 | 0 | 0 | 0 | 0 | 0,? | 0 | 0 | 0 | 0 | 0,0 | 0 | 0 | 0 | 0 | 0
IMG_20260901_134523,1,6,0 | 0 | 0 | 0 | 0 | 0,0 | 0 | ? | 0 | ? | ?,0 | 0 | 0 | 0 | 0 | 0
IMG_20260901_134523,1,7,0 | 0 | 0 | 0 | 0 | 1a,? | 0x | 0 | 0 | 0x | 1a,0 | 0 | 0 | 0 | 0 | 1a
IMG_20260901_134523,2,0,1a | 7b | . | . | . | .,1a | 1b | . | . | . | .,1a | 7b | . | . | . | .
IMG_20260901_134523,2,1,. | . | . | . | . | .,. | . | . | . | . | .,. | . | . | . | . | .
IMG_20260901_134523,2,2,. | . | . | . | . | .,. | . | . | . | . | .,. | . | . | . | . | .
IMG_20260901_134523,2,3,. | . | . | . | . | .,. | . | . | . | . | .,. | . | . | . | . | .
IMG_20260901_134523,2,4,. | . | . | . | . | .,. | . | . | . | . | .,. | . | . | . | . | .
IMG_20260901_134523,2,5,. | . | . | . | . | .,. | . | . | . | . | .,. | . | . | . | . | .
IMG_20260901_134523,2,6,. | . | . | . | . | .,. | . | . | . | . | .,. | . | . | . | . | .
IMG_20260901_134523,2,7,. | . | . | . | . | .,. | . | . | . | . | .,. | . | . | . | . | .
IMG_20260902_141208,1,0,. | . | . | . | 6a | 5b,. | . | . | . | 6a | 1b,. | . | . | . | 6a | 5b
IMG_20260902_141208,1,1,. | . | . | . | . | .,. | . | . | . | . | .,. | . | . | . | . | .
IMG_20260902_141208,1,2,. | 7a | . | 2a | . | .,. | 1a | . | 2q | . | .,. | 7a | . | 2a | . | .
IMG_20260902_141208,1,3,. | 2F | . | . | 3i | .,. | 2F | . | . | 3i | .,. | 2F | . | . | 3i | .
IMG_20260902_141208,1,4,. | 3c | . | . | . | .,. | 3c | . | . | . | .,. | x | . | . | . | .
IMG_20260902_141208,1,5,. | . | . | . | . | .,. | . | . | . | . | .,. | . | . | . | . | .
IMG_20260902_141208,1,6,. | . | . | . | . | .,. | . | . | . | . | .,. | . | . | . | . | .
IMG_20260902_141208,1,7,. | . | . | . | . | x,. | . | . | . | . | ?,. | . | . | . | . | x
IMG_20260902_141208,2,0,. | . | . | . | . | .,. | . | . | . | . | .,. | . | . | . | . | .
IMG_20260902_141208,2,1,. | . | . | . | . | .,. | . | . | . | . | .,. | . | . | . | . | .
IMG_20260902_141208,2,2,. | . | . | . | . | .,. | . | . | . | . | .,. | . | . | . | . | .
IMG_20260902_141208,2,3,. | . | . | . | . | .,. | . | . | . | . | .,. | . | . | . | . | .
IMG_20260902_141208,2,4,. | . | . | . | . | .,. | . | . | . | . | .,. | . | . | . | . | .
IMG_20260902_141208,2,5,. | . | . | . | . | .,. | . | . | . | . | .,. | . | . | . | . | .
IMG_20260902_141208,2,6,. | . | . | . | . | .,. | . | . | . | . | .,. | . | . | . | . | .
IMG_20260902_141208,2,7,. | . | . | . | . | .,. | . | . | . | . | .,. | . | . | . | . | .
IMG_20260902_141212,1,0,. | . | . | . | 6a | 5b,. | . | . | . | 6a | x,. | . | . | . | 6a | 5b
IMG_20260902_141212,1,1,. | . | . | . | . | .,. | . | . | . | . | .,. | . | . | . | . | .
IMG_20260902_141212,1,2,. | 7a | . | 2a | . | .,. | 7a | . | 2q | . | .,. | 7a | . | 2a | . | .
IMG_20260902_141212,1,3,. | 2F | . | . | 3i | .,. | 2F | . | . | 3i | .,. | 2F | . | . | 3i | .
IMG_20260902_141212,1,4,. | 3c | . | . | . | .,. | 3c | . | . | . | .,. | 3c | . | . | . | .
IMG_20260902_141212,1,5,. | . | . | . | . | .,. | . | . | . | . | .,. | . | . | . | . | .
IMG_20260902_141212,1,6,. | . | . | . | . | .,. | . | . | . | . | .,. | . | . | . | . | .
IMG_20260902_141212,1,7,. | . | . | . | . | x,. | . | . | . | . | x,. | . | . | . | . | x
IMG_20260902_141212,2,0,. | . | . | . | . | .,. | . | . | . | . | .,. | . | . | . | . | .
IMG_20260902_141212,2,1,. | . | . | . | . | .,. | . | . | . | . | .,. | . | . | . | . | .
IMG_20260902_141212,2,2,. | . | . | . | . | .,. | . | . | . | . | .,. | . | . | . | . | .
IMG_20260902_141212,2,3,. | . | . | . | . | .,. | . | . | . | . | .,. | . | . | . | . | .
IMG_20260902_141212,2,4,. | . | . | . | . | .,. | . | . | . | . | .,. | . | . | . | . | .
IMG_20260902_141212,2,5,. | . | . | . | . | .,. | . | . | . | . | .,. | . | . | . | . | .
IMG_20260902_141212,2,6,. | . | . | . | . | .,. | . | . | . | . | .,. | . | . | . | . | .
IMG_20260902_141212,2,7,. | . | . | . | . | .,. | . | . | . | . | .,. | . | . | . | . | .
IMG_20260902_141217,1,0,. | . | . | . | 6a | 5b,. | . | . | . | ba | 5b,. | . | . | . | 6a | 5b
IMG_20260902_141217,1,1,. | . | . | . | . | .,. | . | . | . | . | .,. | . | . | . | . | .
IMG_20260902_141217,1,2,. | 7a | . | 2a | . | .,. | 7a | . | 2q | . | .,. | 7a | . | 2a | . | .
IMG_20260902_141217,1,3,. | 2F | . | . | 3i | .,. | 2F | . | . | 31 | .,. | 2F | . | . | 3i | .
IMG_20260902_141217,1,4,. | 3c | . | . | . | .,. | 3c | . | . | . | .,. | 3c | . | . | . | .
IMG_20260902_141217,1,5,. | . | . | . | . | .,. | . | . | . | . | .,. | . | . | . | . | .
IMG_20260902_141217,1,6,. | . | . | . | . | .,. | . | . | . | . | .,. | . | . | . | . | .
IMG_20260902_141217,1,7,. | . | . | . | . | x,. | . | . | . | . | x,. | . | . | . | . | x
IMG_20260902_141217,2,0,. | . | . | . | . | .,. | . | . | . | . | .,. | . | . | . | . | .
IMG_20260902_141217,2,1,. | . | . | . | . | .,. | . | . | . | . | .,. | . | . | . | . | .
IMG_20260902_141217,2,2,. | . | . | . | . | .,. | . | . | . | . | .,. | . | . | . | . | .
IMG_20260902_141217,2,3,. | . | . | . | . | .,. | . | . | . | . | .,. | . | . | . | . | .
IMG_20260902_141217,2,4,. | . | . | . | . | .,. | . | . | . | . | .,. | . | . | . | . | .
IMG_20260902_141217,2,5,. | . | . | . | . | .,. | . | . | . | . | .,. | . | . | . | . | .
IMG_20260902_141217,2,6,. | . | . | . | . | .,. | . | . | . | . | .,. | . | . | . | . | .
IMG_20260902_141217,2,7,. | . | . | . | . | .,. | . | . | . | . | .,. | . | . | . | . | .
IMG_20260902_141223,1,0,. | . | . | . | 6a | 5b,. | . | . | . | 6a | sb,. | . | . | . | 6a | 5b
IMG_20260902_141223,1,1,. | . | . | . | . | .,. | . | . | . | . | .,. | . | . | . | . | .
IMG_20260902_141223,1,2,. | 7a | . | 2a | . | .,. | 7a | . | 2q | . | .,. | 7a | . | 2a | . | .
IMG_20260902_141223,1,3,. | 2F | . | . | 3i | .,. | 1F | . | . | 31 | .,. | 2F | . | . | 3i | .
IMG_20260902_141223,1,4,. | 3c | . | . | . | .,. | 3c | . | . | . | .,. | 3c | . | . | . | .
IMG_20260902_141223,1,5,. | . | . | . | . | .,. | . | . | . | . | .,. | . | . | . | . | .
IMG_20260902_141223,1,6,. | . | . | . | . | .,. | . | . | . | . | .,. | . | . | . | . | .
IMG_20260902_141223,1,7,. | . | . | . | . | x,. | . | . | . | . | ?,. | . | . | . | . | x
IMG_20260902_141223,2,0,. | . | . | . | . | .,. | . | . | . | . | .,. | . | . | . | . | .
IMG_20260902_141223,2,1,. | . | . | . | . | .,. | . | . | . | . | .,. | . | . | . | . | .
IMG_20260902_141223,2,2,. | . | . | . | . | .,. | . | . | . | . | .,. | . | . | . | . | .
IMG_20260902_141223,2,3,. | . | . | . | . | .,. | . | . | . | . | .,. | . | . | . | . | .
IMG_20260902_141223,2,4,. | . | . | . | . | .,. | . | . | . | . | .,. | . | . | . | . | .
IMG_20260902_141223,2,5,. | . | . | . | . | .,. | . | . | . | . | .,. | . | . | . | . | .
IMG_20260902_141223,2,6,. | . | . | . | . | .,. | . | . | . | . | .,. | . | . | . | . | .
IMG_20260902_141223,2,7,. | . | . | . | . | .,. | . | . | . | . | .,. | . | . | . | . | .
IMG_20260902_141238,1,0,. | . | . | . | 6a | 5b,. | . | . | . | 0x | ?,. | . | . | . | x | x
IMG_20260902_141238,1,1,. | . | . | . | . | .,. | . | . | . | . | .,. | . | . | . | . | .
IMG_20260902_141238,1,2,. | 7a | . | 2a | . | .,. | 1x | . | 09x | . | .,. | x | . | x | . | .
IMG_20260902_141238,1,3,. | 2F | . | . | 3i | .,. | 8x | . | . | 0x | .,. | x | . | . | x | .
IMG_20260902_141238,1,4,. | 3c | . | . | . | .,. | 36 | . | . | . | .,. | x | . | . | . | .
IMG_20260902_141238,1,5,. | . | . | . | . | .,. | . | . | . | . | .,. | . | . | . | . | .
IMG_20260902_141238,1,6,. | . | . | . | . | .,. | . | . | . | . | .,. | . | . | . | . | .
IMG_20260902_141238,1,7,. | . | . | . | . | x,. | . | . | . | . | ?,. | . | . | . | . | x
IMG_20260902_141238,2,0,. | . | . | . | . | .,. | . | . | . | . | .,. | . | . | . | . | .
IMG_20260902_141238,2,1,. | . | . | . | . | .,. | . | . | . | . | .,. | . | . | . | . | .
IMG_20260902_141238,2,2,. | . | . | . | . | .,. | . | . | . | . | .,. | . | . | . | . | .
IMG_20260902_141238,2,3,. | . | . | . | . | .,. | . | . | . | . | .,. | . | . | . | . | .
IMG_20260902_141238,2,4,. | . | . | . | . | .,. | . | . | . | . | .,. | . | . | . | . | .
IMG_20260902_141238,2,5,. | . | . | . | . | .,. | . | . | . | . | .,. | . | . | . | . | .
IMG_20260902_141238,2,6,. | . | . | . | . | .,. | . | . | . | . | .,. | . | . | . | . | .
IMG_20260902_141238,2,7,. | . | . | . | . | .,. | . | . | . | . | .,. | . | . | . | . | .
IMG_20260902_141316,1,0,. | . | . | . | 6a | 5b,. | . | . | . | 6a | 5b,. | . | . | . | 6a | 5b
IMG_20260902_141316,1,1,. | . | . | . | . | .,. | . | . | . | . | .,. | . | . | . | . | .
IMG_20260902_141316,1,2,. | 7a | . | 2a | . | .,. | ? | . | 29 | . | .,. | 7a | . | 2a | . | .
IMG_20260902_141316,1,3,. | 2F | . | . | 3i | .,. | 2F | . | . | 3i | .,. | 2F | . | . | 3i | .
IMG_20260902_141316,1,4,. | 3c | . | . | . | .,. | 3c | . | . | . | .,. | 3c | . | . | . | .
IMG_20260902_141316,1,5,. | . | . | . | . | .,. | . | . | . | . | .,. | . | . | . | . | .
IMG_20260902_141316,1,6,. | . | . | . | . | .,. | . | . | . | . | .,. | . | . | . | . | .
IMG_20260902_141316,1,7,. | . | . | . | . | x,. | . | . | . | . | ?,. | . | . | . | . | x
IMG_20260902_141316,2,0,. | . | . | . | . | .,. | . | . | . | . | .,. | . | . | . | . | .
IMG_20260902_141316,2,1,. | . | . | . | . | .,. | . | . | . | . | .,. | . | . | . | . | .
IMG_20260902_141316,2,2,. | . | . | . | . | .,. | . | . | . | . | .,. | . | . | . | . | .
IMG_20260902_141316,2,3,. | . | . | . | . | .,. | . | . | . | . | .,. | . | . | . | . | .
IMG_20260902_141316,2,4,. | . | . | . | . | .,. | . | . | . | . | .,. | . | . | . | . | .
IMG_20260902_141316,2,5,. | . | . | . | . | .,. | . | . | . | . | .,. | . | . | . | . | .
IMG_20260902_141316,2,6,. | . | . | . | . | .,. | . | . | . | . | .,. | . | . | . | . | .
IMG_20260902_141316,2,7,. | . | . | . | . | .,. | . | . | . | . | .,. | . | . | . | . | .
IMG_20260921_004756,1,0,. | . | . | . | 6a | 5b,. | . | . | . | ba | 5b,. | . | . | . | 5b | 6a
IMG_20260921_004756,1,1,. | . | . | . | . | .,. | . | . | . | . | .,. | . | . | . | . | .
IMG_20260921_004756,1,2,. | 7a | . | 2a | . | .,. | 7a | . | 2q | . | .,. | 7a | . | 2a | . | .
IMG_20260921_004756,1,3,. | 2F | . | . | 3i | .,. | 1F | . | . | 31 | .,. | 2F | . | . | 3i | .
IMG_20260921_004756,1,4,. | 3c | . | . | . | .,. | 3c | . | . | . | .,. | 3c | . | . | . | .
IMG_20260921_004756,1,5,. | . | . | . | . | .,. | . | . | . | . | .,. | . | . | . | . | .
IMG_20260921_004756,1,6,. | . | . | . | . | .,. | . | . | . | . | .,. | . | . | . | . | .
IMG_20260921_004756,1,7,. | . | . | . | . | x,. | . | . | . | . | x,. | . | . | . | . | x
IMG_20260921_004756,2,0,. | . | . | . | . | .,. | . | . | . | . | .,. | . | . | . | . | .
IMG_20260921_004756,2,1,. | . | . | . | . | .,. | . | . | . | . | .,. | . | . | . | . | .
IMG_20260921_004756,2,2,. | . | . | . | . | .,. | . | . | . | . | .,. | . | . | . | . | .
IMG_20260921_004756,2,3,. | . | . | . | . | .,. | . | . | . | . | .,. | . | . | . | . | .
IMG_20260921_004756,2,4,. | . | . | . | . | .,. | . | . | . | . | .,. | . | . | . | . | .
IMG_20260921_004756,2,5,. | . | . | . | . | .,. | . | . | . | . | .,. | . | . | . | . | .
IMG_20260921_004756,2,6,. | . | . | . | . | .,. | . | . | . | . | .,. | . | . | . | . | .
IMG_20260921_004756,2,7,. | . | . | . | . | .,. | . | . | . | . | .,. | . | . | . | . | .
