foto,shift,e1_status,e1_total_dtk,e1_geometri_dtk,e1_ollama_dtk,e1_panggilan_ollama,e1_benar,e1_berisi_benar,e2_status,e2_total_dtk,e2_geometri_dtk,e2_ollama_dtk,e2_panggilan_ollama,e2_benar,e2_berisi_benar
IMG_20260901_134505,1,success,150.4,1.4,148.3,48,29/47,29/47,success,82.8,1.64,80.4,10,28/47,28/47
IMG_20260901_134505,2,success,14.6,1.48,12.4,2,47/48,1/2,success,16.7,1.72,14.3,1,48/48,2/2
IMG_20260901_134510,1,success,155.1,1.45,152.8,48,27/47,27/47,success,77.3,1.59,74.9,9,45/47,45/47
IMG_20260901_134510,2,success,15.0,1.47,12.8,2,47/48,1/2,success,16.8,1.46,14.6,1,48/48,2/2
IMG_20260901_134514,1,success,155.8,1.49,153.5,48,23/47,23/47,success,80.9,1.62,78.5,10,45/47,45/47
IMG_20260901_134514,2,success,15.8,1.61,13.5,2,47/48,1/2,success,16.9,1.57,14.6,1,48/48,2/2
IMG_20260901_134520,1,success,155.6,1.72,153.0,48,27/47,27/47,success,88.6,1.87,86.0,12,32/47,32/47
IMG_20260901_134520,2,success,15.5,1.83,13.0,2,47/48,1/2,success,17.0,1.75,14.6,1,48/48,2/2
IMG_20260901_134523,1,success,155.8,1.7,153.3,48,25/47,25/47,success,82.7,2.05,79.9,10,45/47,45/47
IMG_20260901_134523,2,success,16.1,1.87,13.5,2,47/48,1/2,success,17.3,1.81,14.8,1,48/48,2/2
IMG_20260902_141208,1,success,33.6,1.4,31.5,8,44/48,4/8,success,49.7,1.54,47.5,7,47/48,7/8
IMG_20260902_141208,2,success,2.1,1.44,0.0,0,48/48,0/0,success,1.9,1.3,0,0,48/48,0/0
IMG_20260902_141212,1,success,32.4,1.1,30.7,8,46/48,6/8,success,48.8,1.56,46.6,6,48/48,8/8
IMG_20260902_141212,2,success,2.1,1.48,0.0,0,48/48,0/0,success,1.9,1.29,0,0,48/48,0/0
IMG_20260902_141217,1,success,33.4,1.32,31.5,8,45/48,5/8,success,49.0,1.52,46.8,6,48/48,8/8
IMG_20260902_141217,2,success,2.1,1.47,0.0,0,48/48,0/0,success,1.8,1.22,0,0,48/48,0/0
IMG_20260902_141223,1,success,32.3,1.11,30.6,8,43/48,3/8,success,50.3,1.72,47.8,7,48/48,8/8
IMG_20260902_141223,2,success,2.3,1.6,0.0,0,48/48,0/0,success,1.9,1.33,0,0,48/48,0/0
IMG_20260902_141238,1,needs_manual_review,32.8,1.18,31.1,8,40/48,0/8,needs_manual_review,55.7,1.6,53.4,10,41/48,1/8
IMG_20260902_141238,2,needs_manual_review,2.3,1.63,0.0,0,48/48,0/0,needs_manual_review,2.0,1.45,0,0,48/48,0/0
IMG_20260902_141316,1,success,32.4,1.02,30.8,8,45/48,5/8,success,48.3,1.38,46.2,6,48/48,8/8
IMG_20260902_141316,2,success,2.0,1.37,0.0,0,48/48,0/0,success,1.8,1.17,0,0,48/48,0/0
IMG_20260921_004756,1,success,32.6,1.26,30.7,8,44/48,4/8,success,48.2,1.58,46.0,6,46/48,6/8
IMG_20260921_004756,2,success,2.3,1.66,0.0,0,48/48,0/0,success,2.0,1.41,0,0,48/48,0/0
